Page,Links To
0,42;52;81;4;3;82;22;70;94;2;37;85;64;21;9;95;30;0;19;80;41;60;84;93;49;5;55;7;86;29;45;59;83;62;27;46
1,32;74;91;26;46;86;67;76;50;69;8;4;73;48;41;29;12;75;23;97;90;89;3;18;20;19;1;49;15;94;24;42;72;22;13;81;58;51;11;95;99;82;5;53;44;10;39;77;79
2,34;88
3,65;93;87;68;70;27;5;74;54;96
4,16;28;23;46;89;73;64;95;40;32;60;17;31;47;3;86;18;98;87;85;26;5;83;11;21;76;30;1;37;29;58;4;42;15;48;67;24;88;79;33;6
5,72;86;99;62;77;24;45;31;61;94;76;56;65;25;53;78;89;91;35;28;57;29;22;23;9;38
6,80;22;78;15;94;23;57;27;61;99;29;84;81;63;71;5;38;19;88;6;73;67;2;30;52;92;20;76;16;70;11;31;48;82;86;79;53;1;21;87;13;54;91;26;64;24;42;44;65;4;83
7,56;60;77;29;25;33;38;84;10;0;63;26;83;58;11;68;54;62;67;8;41;64;97;6;93;20;92;19;42;74;89;81;59;23;21;46;72;35;96;95;80;27;70;14;91;82;52;90;53;86;36;71;39;15;76;98;5;51;18;85
8,29;89;27;48;75;61;83;58;17;64;21;30;62;4;93;33;51;97;19;9;34;24;15;42;3;59;90;16;67;10;76;12;73;11;40;39;47;98;23;91;96;60;65;37;28;85;49;72;56;36;7;8;77
9,37;50;65;93;5;75;19;54;70;55;41;90;32;57;72;63;30;31;22;26;34;14;82;23;3
10,10;38;3;48;59;40;97;95;36;85;80;1;75;51;27;61;23;9;15;28;55;60;17;42;94;86;58;77
11,69;16;88;48;23;86;91;3;64;40;47;14;0;45;85;22;34;52;44;61;20;92;59;27;49;89;50;42;46;54;43;4;56;53;81;93;5;60;35;67;55;98;66;74;25;15;90;99;68;24;41;95;76;30;62;63;39;71;6;8;11
12,58;55;93;38;65;80;43;41;89;90;72;57;70;0;86;45;61
13,13;70;86;75;71;18;35;54;93;5;53;89;9;77;79;69;55;4;81;82;33;76;59;45;24;12;38;91;61;60;85;97;88;19;11;92;78;1;56
14,17;18;64;21;97;75;35;31;88;67;60;55;37;81;23;36;38;52;53;61;46;32;91;72;69;86;16;73;85;77;28;57;65;87;78;96;33;25;42;58;7;40;90;49;27;9;41;63;10;68;14;8;92;50;4;98;51;80;29;47;95;59;22;62;83
15,56;44;63;87;8;77;35;0;73;79;65;81;32;10;64;33;66;25;83;42;61;99;12;46;18;17;15;95;94;47;2;51;38;70;34;54;7;16;1;60
16,29;61;20;25;13;26;35;97;58;10;31;28;6;38;53;83;84;40;68;12;44;72;34
17,10;83;88;3;2;35;44;76;8;67;15;61;64;68;72;60;39;21;97;17;58;25;65;78;47;93;98;82;38;36;1;52;69;50;14;18;30;9;19;34;24;32;48;51;23;96;55;28;0;20;22;89;57
18,21;24;35;39;80;51;86;74;47;94;68;97;43
19,9;32
20,44;99;7;61;12;56;95;11;9;36;18;42;1;85;24;39;49;19;71;6;35;84;25;72;66;62;98;90;73;75;13;93;16;77;17;64;8;38;59;67;37;29;31;46;55;30
21,42;28;39;98;47;61;94;53;34;65;22;84;64;1;37;30;99;51;88;63;59;48;27;41;43;87;77;60;55;8;93;31;89;15;67;7;35
22,58;78;67;8;89;7;47;22;6;5;30;80;15;73;17;71;56;34;45;0;9;3;36;29;32;77;14;84;35;99;97;91;26;65;61;39;50;66;49;82;70;81;72;54;31;88;27;33;55;85;76;57;46;74;20;83;37;62;16
23,89;99;7;96;63;21;53;1;16;70;22;57;8;68;29;88;65;23;51;28;0;6;11;66;17;34;87;40;60;52;98;73;95;27;84;44;91;37;94;77;45;92;30;33;90;81;79;43;58;47;75;9;26;10;55;46;72;41
24,57;40;73;25;59;95;66;92;58;3;12;81;4;71;54;72;16;86;70;69;41;18;68;8;77;1;45;96;9;50;31;23;83;65;5;94;60;85;35;21;49;38;63;20;7;11;34;10;76;93;15;88;48;32
25,14;35;74;55;8;24;57;85;25;6;13;54;1;4;53;96;83;75;71;36;19;56;58;45;82;77;34;15;81;63;91;94;97;72;17;16;46;5;65;70;90;33;41;84;42;9;68;48;80;92;18;2;98;31;39;79;26;7
26,39;88;5;90;64;30;27;37;53;73;36;56;35;38;2;67;23;66;76;46;31;9;95;47;58;29;91;49;57;86;54;99;43;87;77;52;93;62;25;83;28;65;75;78;6;3;74;69;42;34;22;44;84;45
27,85;72;15;60;3;18;58;25;44;68;51;94;91;4;12;87;82;99;32;89;75;73
28,87;5;40;99;19;60;98;62;48;20;78;16;9;34;38;72;11;79;94;10;74;51;64;44;70;7;14;56;59;17
29,15;62;11;23;56;27;92;85;70;41;79;52;19;48;84;74;26;66;83;75;38;25;3;21;72;64;40;73;60;17;82;91;10;80;59;45;97
30,84;68;9;4;19;55;41;90;92;91;50;99;87;28;79;77;47;58;21;27;15;52;96;18
31,83;30;39;82;45;11;17;97;9;48;65;16;95;62;91;3;31;69;79;29;98;32;46;14;52;90;37;96;4;76;94;68;85;7;13;93;2;54;81;78;12;58;26;55;42;24;71
32,81;33;75;82;0;32;53;29;72;18;46;40;87;70;19;64;89;88;69;48;83;58;9;74;52;54;84;77;31;7;44;85;50;27;4;56;22;20;67;86;12;28;78;57;35;37;3;42;34;59;17;79;38;21;13;41;80;36;45;15;76;39;6;47;99
33,58;68;45;1;59;91;85;64;8;61;75;21;39;40;47;14;53;92;35;25;55;31;28;50;16;52;79;76;15;48;42;12;96
34,47;96;30;52;31;41;37;70;77;84;14;78;11;88;20;21;24;82;15;43;1;0;28;5;76;22;92;68;23;55;7;87;26;45;48;56;49;53;58;12;18;65;51;60;44;59;33;8;29;10;27;13;66;93;3;95;46;94;19;67;36
35,20
36,89;50;85;60;18;12;84;47;72;26;5;98;11;35;25;13;71;66;38;32;0;24;62;10;15;7;20;3;1;87;9;73;23;28;44;41;61;79;2;46;54;43;4;45;21;17;48;51;69;74;92;70;93;77;33;78;31;80;53;65;6
37,42;77;18;97;85;86;96;47;89;38;11;99;73;87;16;17;15;75;35;80;90;31;36;37;28;82;23;57;59;78;2;13;4;83;66;71;22;8;48
38,24;48;5;39;46;44;68;33;10;97;76;21;69;60;41;59;22;54;96;9;58;62;14;52;80;26;93;6;1;92;25;66;2;49;84;17;57;73;91;0;86;15;36;71;82;23;65;19;75;95;7;29;61;3;50;20;94;4
39,2;23;98;10;59;38;55;51;29;84;22;9;16;8;53;7;44;90;4;27;45;14;99;37;63;15;62;57;96;41;49;35;26;73;18;12;13;93;25;42;11;67;68;20;89;5;76;78;88;74;43;58;46;39;70;50;75;31;21
40,86;32;63;29;96;74;93;13;53;78;98;82;87;50;19;80;33;3;35;85;30;20;4;42;18
41,84;23;21;90;43;69;11;31;34;19;27;30;29;91;28;36;40
42,37;69;70;72;90;42;29
43,37;42;53;74;1;12;76;36;44;78;47;4;30;41;18;5;57;95;62;86;49;33;22;67;60;85;34
44,94;25;53;90;48;9;21;17;4;68;64;30;0;58;35;54;40;16;81;71;59;8;73;50;57;91;85;10;89;87;41;84;39;45
45,58;75;3;51;2;4;56;15;61;29;55;21;26;62;40;11;20;59;57;85;88;28;53;38;87;48;64;72;99;74;14;52;34;17;98;47;8;66;71;84;96;37;23;97;49;6;25;81;80;70;36;16;24;83;89;27;95;35;78;0;39;42;73;91;22;92;54;82
46,37;85;35;20;24;79;72;58;50;94;28;46;41;52;90;69;87;15;95;48;5;32;42;26;21;12;71;60;18;16;34;51;78
47,96;47;49;90;99;4;86;77;16;45;57;20;41;84;21;52;53;44;58;63;82;8;67;33;10;12;17;74;80;64;31;38;51;27
48,48;20;24;73;61;7;58;87;39;3;92;79;46;60;82;43;56;40;89;53;22;63;55;70;77;41;31;83;91;93
49,13;18;55;93;38;24;1;51;72;4;46;86;74;7;26;61;40;83;37;54;15;91;98;30;9;77;35;85;12;73;50;90;27;81;84;62;45;67;25;32;10;29;63;66;44;42;95;64;53;56;34
50,47;28;39;32;33;50;43;89;22;99;23;45;21;18;71;84;94;14;80;31;98;52;64;90;61;75;8;5;87;0;24;69;74;57;30;92;97;11;7;25;20;68;93;2;42;53;29;38;83;35;27;79;78;37;76;62;15;41;46;67
51,73;45;55
52,20;56;58;29;69;94;53;92;82;61;5;36;91;62;50;66;34;93;77;86;87;84;25;10;31;88;44;54;26;4
53,78;86;95;21;68;10;93;46;4;54;89;97;16;75;35;60;98;24;58;34;51;77;72;19;40;55;48;49;41;62;20;64;82;25;27;31;74;81;53;67;2;87;39;96;13
54,2;80;90;50;15;75;60;66;41;17;20;47;51;98;64;34;56;81;58;16;54;31;46;5;59;57;48;71;68;3;94;79;0;55;25;63
55,86;82;93;53;75;39;61;83;10;41;37;78;88;40;69;70;52;24;45;26;81;67;95;17;68;59;33;35;38;57;91;79;18;90;25;27;76;51;89;30;32;12;36;4;48;50;2;60;55;42;84;21;20;16;49;97
56,62;54;82;86;33;81;69;97;11;87;75;51;53;93;44;14;2;74;58;42;67;57;45;3;26;10;43;21;85;68;96;1;46;71;12;66;47;60;7;59;19;94;27;36;89;30;22;15;4;63;32;72;31
57,31;70;87;48;53;83;24;95;96;4;39;22;7;76;25;69;34;80;28;84;5;94;44;26;18;71;62;99;89;79;68;11;36;8;21;63;37;77;57;9;51;40;13;19;88;78;15;3;27;72;97;29;55;32;58
58,13;27;70;44;2;54;62;18;81;89;59;87;85;42;6;73;40;95;25;17;0;28;75;14;84;9;48;16;8;71;47;22;29;80;69;1;97;51;60;64;11;72;61;98;90;63;7;99;38;15
59,
60,93;19;69;78;98;44;6;18;45
61,51;19;43;22;3;31;1;12;71;54;46;83;32;94;5;92;82;38;45;7;65;24;73;59;34;76;37;21
62,78;81;23;91;63;92;72;82;12;50;14;55;17;9;19;86;74;94;34;7;44;57;0;79;60;48;66;65;62;3;37;75;30;64;76;40;21;36;77;27;2;59
63,84;53;38;24;71;81;80;76;29;70;26;30;41;99;40;93;56;66;60
64,19;28;65;77;29;7;23;80;99;9;34;51;6;44;54;56;55;39;69;62;4;33;87;45;68;84;74;11;25;35;67;8;75;93;0;47;91;36;89;40;18;59;96;53;21;71;13;41;81;49
65,58;37;45;99;30;79;19;77;34;61;88;93;65;85;70;35;7;86;92;38;48;18;72;69;49;6;60;25;50;22;15;96;36;0;29;66;53;91;68;3;82;57;78;83
66,13;79;94;30;62;21;61;31;84;90;89;96;36;99;22;19;6;93
67,14;54;39;33;68;80;62;94;58;44;15;38;20;78;6;24;50;17;87;32;53;11;56;60;72;4;1;83;10;71;12;26;99;93;8;79;27;74;57;30;91;90;65;13;51;55
68,55;26;63;46;72;71;44;82;74;27;98;33;7;13;11;90;52;0;84;6;79;61;83;24;47;48;59;29;14;51;60;57;65;36;64;40;31;4;92;15;8;9
69,
70,64;22;72;91;67;49;92;51;54;41;31;2;60;30;23;27;95;53;97;15;75;78;52;33;11;70;57;7;12;58;80
71,35;84;47;60;97;26;82;65;70;21;54;18;11;49;93;91;32;77;50;5;29;12;43;48;19;86;73;53;79;3;39;81;27;68;95;59;99;90;13;83;87
72,98;72;86;5;55;47;23;24;74;14;29;85;0;34;18;28;9;69;6;10;78;65;64;92;42;19;49;66;45;90
73,83;76;41;98;84;65;27;81;31;70;14;74;55;80;94
74,36;66;77;13;83;17
75,16;92;56;49;31;36;2;11;19;40;47;90;6;1;38;96;29;98;54;37;14;35;68;30;28;25;88;13;89;52;87;65;34;93;71;50;20;63;85;97;99;69;84;26;39;59;45;22;83;17;44;86;62;43;0;27;73;32;5;15;94;76;48
76,30;12;58;78;31;14;27;28;52;39;77;42;13;40;67;70;61;83;21;66;56;29;32;80;59;48;2;47;90;54;45;75;91;10;36;7;5;25;79;64;87;20;76;72;57;17;16;73;86;0;11;43;82;3
77,98;31;66;53;6;64;97;90;52;20;96;68;19;15;46;87;76;54;95;47;33;5;82;1;74;86;60;13;75;50;70;56;91;11;79;27;36;7;89;38;61
78,17;29;64;85;86;31;32;37;48;19;94;55;96;82;88;62;56;41;30;33;1;4;34;2;99;42;80;83;47;66;44;21;7;57;75;8;18;78;77;25;97;50;51;24;22
79,46;76;65;87;88;58;64
80,20;69;78;47;15;94;23;50;27;63;95;35;57;44;96;53;28;49;33;7;4;98;87;92;51;0;68;5;67;8;84;3;64;85;32;54;79;55;1;40;75;76;61;80;6;90
81,0;52;85;50;5;10;48;12;13;59;33;92;29;17;56;58;62;93;54;72;6;30;84;42;20;55;77;65;46;53;51;70;86;68;43;44;18;27;91;41;78;14;49
82,57;52;98;76;87;30;69;49;48;37;95;40;86;70;51;34;17;21;93;24;11;43;13;90;50;77;23;82;85;55;66;47;63;32;61;8;20;33;73;22;65;58;64;99;0;75;39;80;10;56;26;97;68;5;18;4;67;81;94;12;41
83,24;64;58;37;12;39;71;74;78;94;28;87;52;8;29;89;33;90;55;54;67;22;56;93;17;3;14;86;35;61;7;32;4;84;62;9;57;98;0;65;41;21;51;40;69;81;46;31;77
84,44;45;88;99;41;53;52;2;48;83;71;27;32;75;79;72;81;51;4;89;46;18;17;49;65;3;23;73;94;50;86;8;19;7;57;56;1;68;98;61;96;90;78;24;60;9;16;85;95;55;33;54;6;35;13;43;12;15;59;97;64
85,23;39;94;66;48;16
86,28;94;40;80;66;12;88;81;54;0;3;59;27;1;18;73;62;14;67;53;20;29;9;48;82;79;15;57;78;39;36;69;38;22;5;55;64;72;33
87,89;64;54;56;39
88,19;76;33;34;50;23;89;28;0;74;85;11;5;70;6;88;73;61;71;9;32;7;52;4;55;68;27;26;36;77;40;84;91;35;13;2;83;46;3;48;38;37;87;72;20;95
89,77;3;15;14;55;76;81;29;34;45;59;12;18;30;98;69;73;91;10;56;67;68;65;40;32;2;51;63;83;80;47;13;27;4;50;41;20;96;43;35;75;99;31;53;86;62;39;19;52;93;78;49;5;44;60;82;16;1;90;11
90,0;89;81;26;1;32;70;40;64;63;17;4;8;14;93;28;37;91;31;13;53;65;12;54;29;51;9;84;82;47;20;96;55;33;52
91,38;84;48;54;12;90;70;97;43;37;32;61;25;88;10;52;55;21;16;4;36;26;9;92;76;17;57;19;47;20;50;3;11
92,45;79
93,8;32;54;43;1;42;2;52;22;24;13;90;83;37;68;69;76;79;28;57;59;47;26;10;35;12;71;62;64;49;55;15;53;86;3;96;30;74;91;89;11;80;16;95;46;75;61;6;33;51
94,94;15;37;64;58;55;96;51;88;4;27;30;54;5;86;34;31;13;20;50;35;52;36;73;93;82;19;83;8;95;77;80;25;2;47;0;91;38;89;75;71;57;97;76;87;99;90;39;69;23;66;49;43;18;67;16;65;61;56;24;81;7;28;22;14
95,42;50;23;60;41;16;62;27;79;84;28;43;92;76;9;7;83;24;89;10;78;67;13;32;91;17;44;66;56;45;59;98;86;94;0;35;53;75;8;80;51;20
96,32;95;68;61;35;16;12;18;49;26;96;45;79;53;11;72;75;70;81;64;42;38;60;7;69;59;23;71;13;31;10;91;51;57;56;41;92
97,29;20;32;1;53;54;94;21;40;25;62;33;92;55;24;97;48;93;0;2;57;75;31;68;45;79;13;3;6;49;95;42;67;39;61;11;82;34;23;30;66;76;99;63;28;9;72
98,43;77;74;67;41;78;75;9;25;48;2;79;65;42;18;29;14;46;19;92;53;4;80;8;12;59;0;16;52;93
99,92;4;48;80;16;14;18;19;62;32;87;9;51;91;85;66;1;70;31;54;97;22;53;50;71;21;93;40;34;95;88;0;72;68;49;98;64;7;17;46;96;5;13;6;44;79;10;89;33;56;94;12;38;55;25;2;28;67;61;76
